{
  "20": {
    "total_samples": 30,
    "tp": 9,
    "fp": 2,
    "fn": 1,
    "tn": 18,
    "precision": 0.8181818181818182,
    "recall": 0.9,
    "f1_score": 0.8571428571428572,
    "accuracy": 0.9
  },
  "10": {
    "total_samples": 30,
    "tp": 10,
    "fp": 2,
    "fn": 0,
    "tn": 18,
    "precision": 0.8333333333333334,
    "recall": 1.0,
    "f1_score": 0.9090909090909091,
    "accuracy": 0.9333333333333333
  },
  "0": {
    "total_samples": 30,
    "tp": 10,
    "fp": 3,
    "fn": 0,
    "tn": 17,
    "precision": 0.7692307692307693,
    "recall": 1.0,
    "f1_score": 0.8695652173913044,
    "accuracy": 0.9
  }
}