{
  "20": {
    "total_samples": 30,
    "tp": 10,
    "fp": 2,
    "fn": 0,
    "tn": 18,
    "precision": 0.8333333333333334,
    "recall": 1.0,
    "f1_score": 0.9090909090909091,
    "accuracy": 0.9333333333333333
  },
  "10": {
    "total_samples": 30,
    "tp": 7,
    "fp": 2,
    "fn": 3,
    "tn": 18,
    "precision": 0.7777777777777778,
    "recall": 0.7,
    "f1_score": 0.7368421052631577,
    "accuracy": 0.8333333333333334
  },
  "0": {
    "total_samples": 30,
    "tp": 8,
    "fp": 4,
    "fn": 2,
    "tn": 16,
    "precision": 0.6666666666666666,
    "recall": 0.8,
    "f1_score": 0.7272727272727272,
    "accuracy": 0.8
  }
}